factor_id,display_name,mode,basis,kg_co2e_per_km,boundary,source_document,source_table_or_sheet,source_url
car_petrol_average,Average petrol car,car,vehicle_km,0.16152,Operational vehicle travel; divide by occupants,DESNZ 2026 GHG Conversion Factors,Business travel - land D53,https://www.gov.uk/government/publications/greenhouse-gas-reporting-conversion-factors-2026
car_diesel_average,Average diesel car,car,vehicle_km,0.17265,Operational vehicle travel; divide by occupants,DESNZ 2026 GHG Conversion Factors,Business travel - land D53,https://www.gov.uk/government/publications/greenhouse-gas-reporting-conversion-factors-2026
car_battery_electric_average,Average battery-electric car,car,vehicle_km,0.02951,UK-grid operational vehicle travel; divide by occupants,DESNZ 2026 GHG Conversion Factors,Passenger vehicles average BEV,https://www.gov.uk/government/publications/greenhouse-gas-reporting-conversion-factors-2026
bus_average_local,Average local bus,bus,passenger_km,0.10151,Direct GHG per passenger-km,DESNZ 2026 GHG Conversion Factors,Methodology Table 23,https://assets.publishing.service.gov.uk/media/6a2940543b15d05a7ce3202e/2026-GHG-conversion-factors-methodology-report.pdf
coach,Coach,coach,passenger_km,0.03948,Direct GHG per passenger-km,DESNZ 2026 GHG Conversion Factors,Methodology Table 23,https://assets.publishing.service.gov.uk/media/6a2940543b15d05a7ce3202e/2026-GHG-conversion-factors-methodology-report.pdf
rail_national,National rail,rail,passenger_km,0.03092,Operational passenger travel,DESNZ 2026 GHG Conversion Factors,Business travel - land national rail,https://www.gov.uk/government/publications/greenhouse-gas-reporting-conversion-factors-2026
flight_domestic_average,Flight domestic average,flight,passenger_km,0.1252,Direct GHG only; excludes distance and radiative-forcing uplifts,DESNZ 2026 GHG Conversion Factors,Methodology Table 43,https://assets.publishing.service.gov.uk/media/6a2940543b15d05a7ce3202e/2026-GHG-conversion-factors-methodology-report.pdf
flight_short_haul_average,Flight short-haul average,flight,passenger_km,0.0697,Direct GHG only; excludes distance and radiative-forcing uplifts,DESNZ 2026 GHG Conversion Factors,Methodology Table 43,https://assets.publishing.service.gov.uk/media/6a2940543b15d05a7ce3202e/2026-GHG-conversion-factors-methodology-report.pdf
flight_long_haul_average,Flight long-haul average,flight,passenger_km,0.0832,Direct GHG only; excludes distance and radiative-forcing uplifts,DESNZ 2026 GHG Conversion Factors,Methodology Table 43,https://assets.publishing.service.gov.uk/media/6a2940543b15d05a7ce3202e/2026-GHG-conversion-factors-methodology-report.pdf
